package,Class Name,Method Name,,,,,,,,,,,,,,,,,,,,,,,
org.apache.commons.math4.analysis.differentiation,DSCompilerTest,testIncompatibleParams,testIncompatibleOrder,,,,,,,,,,,,,,,,,,,,,,
org.apache.commons.math4.analysis.function,LogisticTest,testPreconditions1,testPreconditions2,,,,,,,,,,,,,,,,,,,,,,
,SincTest,testDerivatives1Dot2Unnormalized,testDerivatives1Dot2Normalized,,,,,,,,,,,,,,,,,,,,,,
,StepFunctionTest,testPreconditions1,testPreconditions2,,,,,,,,,,,,,,,,,,,,,,
,,testPreconditions3,testPreconditions4,,,,,,,,,,,,,,,,,,,,,,
org.apache.commons.math4.analysis.interpolation,LoessInterpolatorTest,testNonStrictlyIncreasing1,testNonStrictlyIncreasing2,,,,,,,,,,,,,,,,,,,,,,
,,testNotAllFiniteReal1,testNotAllFiniteReal2,testNotAllFiniteReal3,testNotAllFiniteReal4,testNotAllFiniteReal5,testNotAllFiniteReal6,,,,,,,,,,,,,,,,,,
,,testCompletelyIncorrectBandwidth1,testCompletelyIncorrectBandwidth2,,,,,,,,,,,,,,,,,,,,,,
org.apache.commons.math4.analysis.polynomials,PolynomialFunctionLagrangeFormTest,testLinearFunction,testQuadraticFunction,testQuinticFunction,,,,,,,,,,,,,,,,,,,,,
,PolynomialFunctionNewtonFormTest,testLinearFunction,testQuadraticFunction,testQuinticFunction,,,,,,,,,,,,,,,,,,,,,
,PolynomialFunctionTest,testfirstDerivativeComparison,testMath341,,,,,,,,,,,,,,,,,,,,,,
org.apache.commons.math4.analysis.solvers,UnivariateSolverUtilsTest,testBadInitial,testBadEndpoints,,,,,,,,,,,,,,,,,,,,,,
org.apache.commons.math4.complex,ComplexFormatAbstractTest,testSimpleWithDecimals,testSimpleWithDecimalsTrunc,testNegativeReal,testNegativeImaginary,testNegativeBoth,testZeroReal,testZeroImaginary,testDifferentImaginaryChar,testNan,testPositiveInfinity,testNegativeInfinity,,,,,,,,,,,,,
,,testParseSimpleNoDecimals,testParseSimpleWithDecimals,testParseSimpleWithDecimalsTrunc,testParseNegativeReal,testParseNegativeImaginary,testParseNegativeBoth,testParseZeroReal,testParseZeroImaginary,testParseDifferentImaginaryChar,testParseNan,testParsePositiveInfinity,testPaseNegativeInfinity,,,,,,,,,,,,
,ComplexTest,testScalarAdd,testScalarAddNaN,,,,,,,,,,,,,,,,,,,,,,
,,testDivideReal,testDivideImaginary,,,,,,,,,,,,,,,,,,,,,,
,,testDivideZero,testDivideZeroZero,,,,,,,,,,,,,,,,,,,,,,
,,testScalarDivide,testScalarDivideNaN,,,,,,,,,,,,,,,,,,,,,,
,,testReciprocalReal,testReciprocalImaginary,,,,,,,,,,,,,,,,,,,,,,
,,testExpInf1,testExpInf2,testExpInf3,testExpInf4,testExpInf5,testExpInf6,testExpInf7,testExpInf8,,,,,,,,,,,,,,,,
,,testAtanI,testAtanNaN,,,,,,,,,,,,,,,,,,,,,,
,,testSqrtRealPositive,testSqrtRealZero,testSqrtRealNegative,testSqrtImaginaryZero,testSqrtImaginaryNegative,,,,,,,,,,,,,,,,,,,
,,testNthRoot_cornercase_thirdRoot_imaginaryPartEmpty,testNthRoot_cornercase_thirdRoot_realPartZero,,,,,,,,,,,,,,,,,,,,,,
org.apache.commons.math4.distribution.fitting,MultivariateNormalMixtureExpectationMaximizationTest,testMaxIterationsPositive,testThresholdPositive,,,,,,,,,,,,,,,,,,,,,,
org.apache.commons.math4.distribution,BinomialDistributionTest,testDegenerate0,testDegenerate1,testDegenerate2,,,,,,,,,,,,,,,,,,,,,
,GammaDistributionTest,testMath753Shape1,testMath753Shape8,testMath753Shape10,testMath753Shape100,testMath753Shape142,testMath753Shape1000,,,,,,,,,,,,,,,,,,
,HypergeometricDistributionTest,testDegenerateNoFailures,testDegenerateNoSuccesses,testDegenerateFullSample,,,,,,,,,,,,,,,,,,,,,
,,testLargeValues,testMoreLargeValues,,,,,,,,,,,,,,,,,,,,,,
,PascalDistributionTest,testDegenerate0,testDegenerate1,,,,,,,,,,,,,,,,,,,,,,
,TriangularDistributionTest,testPreconditions1,testPreconditions2,testPreconditions3,testPreconditions4,,,,,,,,,,,,,,,,,,,,
,UniformIntegerDistributionTest,testLargeRangeSubtractionOverflow,testLargeRangeAdditionOverflow,,,,,,,,,,,,,,,,,,,,,,
,UniformRealDistributionTest,testPreconditions1,testPreconditions2,,,,,,,,,,,,,,,,,,,,,,
,ZipfDistributionTest,testPreconditions1,testPreconditions2,,,,,,,,,,,,,,,,,,,,,,
org.apache.commons.math4.fitting,GaussianCurveFitterTest,testFit04,testFit05,testFit06,testFit07,testFit01,,,,,,,,,,,,,,,,,,,
org.apache.commons.math4.fraction,BigFractionFormatTest,testFormat,testFormatNegative,testFormatZero,,,,,,,,,,,,,,,,,,,,,
,,testFormatImproper,testFormatImproperNegative,,,,,,,,,,,,,,,,,,,,,,
,,testParseInvalid,testParseInvalidDenominator,,,,,,,,,,,,,,,,,,,,,,
,FractionFormatTest,testFormat,testFormatNegative,testFormatZero,,,,,,,,,,,,,,,,,,,,,
,,testFormatImproper,testFormatImproperNegative,,,,,,,,,,,,,,,,,,,,,,
,,testParseOne1,testParseOne2,,,,,,,,,,,,,,,,,,,,,,
,,testParseZero1,testParseZero2,,,,,,,,,,,,,,,,,,,,,,
,,testParseInvalid,testParseInvalidDenominator,,,,,,,,,,,,,,,,,,,,,,
org.apache.commons.math4.geometry.enclosing,WelzlEncloser2DTest,testNullList,testNoPoints,,,,,,,,,,,,,,,,,,,,,,
,WelzlEncloser3DTest,testNullList,testNoPoints,,,,,,,,,,,,,,,,,,,,,,
org.apache.commons.math4.geometry.euclidean.oned,Vector1DFormatAbstractTest,testSimpleNoDecimals,testSimpleWithDecimals,testSimpleWithDecimalsTrunc,testNegativeX,testNonDefaultSetting,testNan,testPositiveInfinity,tesNegativeInfinity,,,,,,,,,,,,,,,,
,,testParseSimpleNoDecimals,testParseIgnoredWhitespace,testParseSimpleWithDecimals,testParseSimpleWithDecimalsTrunc,testParseNegativeX,testParseNegativeY,testParseNegativeZ,testParseNegativeAll,testParseZeroX,testParseNonDefaultSetting,testParseNan,testParsePositiveInfinity,testParseNegativeInfinity,,,,,,,,,,,
org.apache.commons.math4.geometry.euclidean.threed,FieldRotationDfpTest,testRevertVectorOperator,testRevertFrameTransform,,,,,,,,,,,,,,,,,,,,,,
,FieldRotationDSTest,testRevertVectorOperator,testRevertFrameTransform,,,,,,,,,,,,,,,,,,,,,,
,,testComposeVectorOperator,testComposeFrameTransform,,,,,,,,,,,,,,,,,,,,,,
,PolyhedronsSetTest,testTooClose,testHole,testNonPlanar,testOrientation,,,,,,,,,,,,,,,,,,,,
,RotationTest,testAxisAngleVectorOperator,testAxisAngleFrameTransform,,,,,,,,,,,,,,,,,,,,,,
,,testRevertVectorOperator,testRevertFrameTransform,,,,,,,,,,,,,,,,,,,,,,
,SubLineTest,testIntersectionInsideBoundary,testIntersectionBoundaryBoundary,,,,,,,,,,,,,,,,,,,,,,
,,testIntersectionBoundaryOutside,testIntersectionInsideOutside,testIntersectionOutsideOutside,testIntersectionNotIntersecting,,,,,,,,,,,,,,,,,,,,
,Vector3DFormatAbstractTest,testSimpleNoDecimals,testSimpleWithDecimals,testSimpleWithDecimalsTrunc,testNegativeX,testNegativeY,testNegativeZ,testNan,testPositiveInfinity,tesNegativeInfinity,,,,,,,,,,,,,,,
,,testParseSimpleNoDecimals,testParseIgnoredWhitespace,testParseSimpleWithDecimals,testParseSimpleWithDecimalsTrunc,testParseNegativeX,testParseNegativeY,testParseNegativeZ,testParseNegativeAll,testParseZeroX,testParseNan,testParsePositiveInfinity,testParseNegativeInfinity,,,,,,,,,,,,
org.apache.commons.math4.geometry.euclidean.twod.hull,ConvexHullGenerator2DAbstractTest,testOnePoint,testTwoPoints,,,,,,,,,,,,,,,,,,,,,,
,,testCollinearPoints,testCollinearPointsReverse,testIdenticalPoints,testClosePoints,,,,,,,,,,,,,,,,,,,,
,,testCollinearPointsIncluded,testCollinearPointsIncludedReverse,testIdenticalPoints2,testCollinearPointOnExistingBoundary,,,,,,,,,,,,,,,,,,,,
org.apache.commons.math4.geometry.euclidean.twod,SubLineTest,testIntersectionInsideOutside,testIntersectionBoundaryOutside,testIntersectionOutsideOutside,,,,,,,,,,,,,,,,,,,,,
,,testIntersectionInsideBoundary,testIntersectionBoundaryBoundary,,,,,,,,,,,,,,,,,,,,,,
,Vector2DFormatAbstractTest,testSimpleNoDecimals,testSimpleWithDecimals,testSimpleWithDecimalsTrunc,testNegativeX,testNegativeY,testNegativeZ,testNonDefaultSetting,testNan,testPositiveInfinity,tesNegativeInfinity,,,,,,,,,,,,,,
,,testParseSimpleNoDecimals,testParseIgnoredWhitespace,testParseSimpleWithDecimals,testParseSimpleWithDecimalsTrunc,testParseNegativeX,testParseNegativeY,testParseNegativeZ,testParseNegativeAll,testParseZeroX,testParseNan,testParsePositiveInfinity,testParseNegativeInfinity,,,,,,,,,,,,
org.apache.commons.math4.geometry.spherical.oned,ArcsSetTest,testSideEmbedded,testSideOverlapping,,,,,,,,,,,,,,,,,,,,,,
org.apache.commons.math4.linear,ConjugateGradientTest,testDimensionMismatchRightHandSide,testDimensionMismatchSolution,,,,,,,,,,,,,,,,,,,,,,
,DiagonalMatrixTest,testMultiplyNonDiagonalEntry,testMultiplyNonDiagonalZero,,,,,,,,,,,,,,,,,,,,,,
,RealMatrixFormatAbstractTest,testSimpleNoDecimals,testSimpleWithDecimals,testSimpleWithDecimalsTrunc,testNegativeComponent,testNegativeComponent2,testNegativeSecondRow,testNan,testPositiveInfinity,tesNegativeInfinity,,,,,,,,,,,,,,,
,,testParseSimpleNoDecimals,testParseSimpleWithClosingRowSeparator,testParseIgnoredWhitespace,testParseSimpleWithDecimals,testParseSimpleWithDecimalsTrunc,testParseNegativeComponent,testParseNegativeAll,testParseZeroComponent,testParseNan,testParsePositiveInfinity,testParseNegativeInfinity,,,,,,,,,,,,,
,RealVectorAbstractTest,testOuterProductSameType,testOuterProductMixedTypes,,,,,,,,,,,,,,,,,,,,,,
,,testProjectionSameType,testProjectionMixedTypes,,,,,,,,,,,,,,,,,,,,,,
,,testUnitVectorNullVector,testUnitizeNullVector,,,,,,,,,,,,,,,,,,,,,,
,,testCombineSameType,testCombineMixedTypes,testCombineToSelfSameType,testCombineToSelfMixedTypes,,,,,,,,,,,,,,,,,,,,
,,testCombineDimensionMismatchSameType,testCombineDimensionMismatchMixedTypes,testCombineToSelfDimensionMismatchSameType,testCombineToSelfDimensionMismatchMixedTypes,,,,,,,,,,,,,,,,,,,,
,,testDotProductSameType,testDotProductMixedTypes,,,,,,,,,,,,,,,,,,,,,,
,,testDotProductDimensionMismatchSameType,testDotProductDimensionMismatchMixedTypes,,,,,,,,,,,,,,,,,,,,,,
,,testCosineSameType,testCosineMixedTypes,,,,,,,,,,,,,,,,,,,,,,
,RealVectorFormatAbstractTest,testSimpleNoDecimals,testSimpleWithDecimals,testSimpleWithDecimalsTrunc,testNegativeX,testNegativeY,testNegativeZ,testNan,testPositiveInfinity,tesNegativeInfinity,,,,,,,,,,,,,,,
,,testParseSimpleNoDecimals,testParseIgnoredWhitespace,testParseSimpleWithDecimals,testParseSimpleWithDecimalsTrunc,testParseNegativeX,testParseNegativeY,testParseNegativeZ,testParseNegativeAll,testParseZeroX,testParseNan,testParsePositiveInfinity,testParseNegativeInfinity,,,,,,,,,,,,
,,testForgottenPrefix,testForgottenSeparator,testForgottenSuffix,,,,,,,,,,,,,,,,,,,,,
,RealVectorTest,testAppendVector,testAppendScalar,testGetSubVector,testGetSubVectorInvalidIndex1,testGetSubVectorInvalidIndex2,testGetSubVectorInvalidIndex3,testGetSubVectorInvalidIndex4,testSetSubVectorSameType,testSetSubVectorMixedType,testSetSubVectorInvalidIndex1,testSetSubVectorInvalidIndex2,testSetSubVectorInvalidIndex3,testIsNaN,testIsInfinite,testEbeMultiplySameType,testEbeMultiplyMixedTypes,testEbeMultiplyDimensionMismatch,testEbeDivideSameType,testEbeDivideMixedTypes,testEbeDivideDimensionMismatch,testGetL1Norm,testGetLInfNorm,testSerial,testEquals
,SparseRealVectorTest,testEbeMultiplyMixedTypes,testEbeMultiplySameType,testEbeDivideSameType,,,,,,,,,,,,,,,,,,,,,
,SymmLQTest,testSolveSaunders1,testSolveSaunders2,testSolveSaunders3,testSolveSaunders4,testSolveSaunders5,testSolveSaunders6,testSolveSaunders7,testSolveSaunders8,testSolveSaunders9,testSolveSaunders10,testSolveSaunders11,testSolveSaunders12,testSolveSaunders13,testSolveSaunders14,testSolveSaunders15,testSolveSaunders16,testSolveSaunders17,testSolveSaunders18,testSolveSaunders19,testSolveSaunders20,,,,
org.apache.commons.math4.ml.neuralnet.sofm,LearningFactorFunctionFactoryTest,testExponentialDecayPrecondition0,testExponentialDecayPrecondition1,,,,,,,,,,,,,,,,,,,,,,
,,testExponentialDecayPrecondition2,testExponentialDecayPrecondition4,,,,,,,,,,,,,,,,,,,,,,
,,testQuasiSigmoidDecayPrecondition0,testQuasiSigmoidDecayPrecondition1,,,,,,,,,,,,,,,,,,,,,,
,NeighbourhoodSizeFunctionFactoryTest,testExponentialDecayPrecondition1,testExponentialDecayPrecondition2,testExponentialDecayPrecondition4,,,,,,,,,,,,,,,,,,,,,
,,testQuasiSigmoidDecayPrecondition1,testQuasiSigmoidDecayPrecondition4,,,,,,,,,,,,,,,,,,,,,,
org.apache.commons.math4.ml.neuralnet.sofm.util,ExponentialDecayFunctionTest,testPrecondition1,testPrecondition2,testPrecondition4,,,,,,,,,,,,,,,,,,,,,
,QuasiSigmoidDecayFunctionTest,testPrecondition1,testPrecondition4,,,,,,,,,,,,,,,,,,,,,,
,NeuronSquareMesh2DTest,testMinimalNetworkSize1,testMinimalNetworkSize2,,,,,,,,,,,,,,,,,,,,,,
org.apache.commons.math4.ode.events,CloseEventsTest,testCloseEvents,testSimultaneousEvents,,,,,,,,,,,,,,,,,,,,,,
,EventFilterTest,testIncreasingOnly,testDecreasingOnly,,,,,,,,,,,,,,,,,,,,,,
,OverlappingEventsTest,testOverlappingEvents0,testOverlappingEvents1,,,,,,,,,,,,,,,,,,,,,,
,ReappearingEventTest,testDormandPrince,testGragg,,,,,,,,,,,,,,,,,,,,,,
org.apache.commons.math4.ode.nonstiff,AdamsNordsieckTransformerTest,testTransformExact,testTransformInexact,,,,,,,,,,,,,,,,,,,,,,
,,testPolynomialExtraDerivative,testPolynomialRegular,testPolynomialMissingLastDerivative,,,,,,,,,,,,,,,,,,,,,
org.apache.commons.math4.ode.sampling,StepNormalizerOutputTestBase,testIncNeither,testIncFirst,testIncLast,testIncBoth,,,,,,,,,,,,,,,,,,,,
,,testIncNeitherRev,testIncFirstRev,testIncLastRev,testIncBothRev,,,,,,,,,,,,,,,,,,,,
,,testMulNeither,testMulFirst,testMulLast,testMulBoth,,,,,,,,,,,,,,,,,,,,
,,testMulNeitherRev,testMulFirstRev,testMulLastRev,testMulBothRev,,,,,,,,,,,,,,,,,,,,
org.apache.commons.math4.optim.linear,SimplexSolverTest,testMath272,testEpsilon,,,,,,,,,,,,,,,,,,,,,,
org.apache.commons.math4.optim.nonlinear.scalar,MultivariateFunctionMappingAdapterTest,testStartSimplexInsideRange,testOptimumOutsideRange,,,,,,,,,,,,,,,,,,,,,,
org.apache.commons.math4.optim.nonlinear.scalar.noderiv,SimplexOptimizerMultiDirectionalTest,testMinimize1,testMinimize2,,,,,,,,,,,,,,,,,,,,,,
,SimplexOptimizerNelderMeadTest,testMinimize1,testMinimize2,,,,,,,,,,,,,,,,,,,,,,
,,testMaximize1,testMaximize2,,,,,,,,,,,,,,,,,,,,,,
org.apache.commons.math4.random,StableRandomGeneratorTest,testAlphaRangeBelowZero,testAlphaRangeAboveTwo,testBetaRangeBelowMinusOne,testBetaRangeAboveOne,,,,,,,,,,,,,,,,,,,,
org.apache.commons.math4.stat.correlation,KendallsCorrelationTest,testSimpleOrdered,testSimpleOrderedPowerOf2,,,,,,,,,,,,,,,,,,,,,,
,,testSimpleReversed,testSimpleReversedPowerOf2,,,,,,,,,,,,,,,,,,,,,,
,,testAllTiesInBoth,testSingleElement,,,,,,,,,,,,,,,,,,,,,,
,StorelessCovarianceTest,testLonglySimpleVar,testLonglySimpleCov,,,,,,,,,,,,,,,,,,,,,,
org.apache.commons.math4.stat.descriptive.rank,PSquarePercentileTest,testMarkersWithLowerIndex,testMarkersWithHigherIndex,,,,,,,,,,,,,,,,,,,,,,
,,testMarkersOORLow,testMarkersOORHigh,,,,,,,,,,,,,,,,,,,,,,
,,testMarkerHeightWithLowerIndex,testMarkerHeightWithHigherIndex,,,,,,,,,,,,,,,,,,,,,,
,,test90Percentile,test99Percentile,test20Percentile,test5Percentile,test99PercentileHighValues,test90PercentileHighValues,test20PercentileHighValues,test5PercentileHighValues,,,,,,,,,,,,,,,,
org.apache.commons.math4.stat.inference,GTestTest,testGTestGoodnesOfFit1,testGTestGoodnesOfFit3,,,,,,,,,,,,,,,,,,,,,,
,,testGTestIndependance1,testGTestIndependance2,,,,,,,,,,,,,,,,,,,,,,
,KolmogorovSmirnovTestTest,testOneSampleGaussianGaussian,testOneSampleGaussianUniform,,,,,,,,,,,,,,,,,,,,,,
org.apache.commons.math4.stat.interval,BinomialConfidenceIntervalAbstractTest,testZeroConfidencelevel,testZeroTrials,testNegativeSuccesses,testSuccessesExceedingTrials,,,,,,,,,,,,,,,,,,,,
org.apache.commons.math4.stat.ranking,NaturalRankingTest,testNaNsMaximalTiesMinimum,,testNaNsRemovedTiesSequential,testNaNsMinimalTiesMaximum,testNaNsMinimalTiesAverage,,,,,,,,,,,,,,,,,,,
org.apache.commons.math4.stat.regression,MultipleLinearRegressionAbstractTest,testNewSampleInvalidData,testNewSampleInsufficientData,,,,,,,,,,,,,,,,,,,,,,
,OLSMultipleLinearRegressionTest,testWampler1,testWampler2,testWampler3,testWampler4,,,,,,,,,,,,,,,,,,,,
,SimpleRegressionTest,testRemoveSingle,testRemoveMultiple,,,,,,,,,,,,,,,,,,,,,,
org.apache.commons.math4.util,OpenIntToDoubleHashMapTest,testPutAndGetWith0ExpectedSize,testPutAndGetWithExpectedSize,,,,,,,,,,,,,,,,,,,,,,
,OpenIntToFieldTest,testPutAndGetWith0ExpectedSize,testPutAndGetWithExpectedSize,,,,,,,,,,,,,,,,,,,,,,