org.apache.commons.csv,CSVFormatPredefinedTest,testDefault,testExcel,testMySQL,testPostgreSqlCsv,testPostgreSqlText,testRFC4180,testTDF,,,
,CSVParserTest,testCarriageReturnEndings,testCarriageReturnLineFeedEndings,,testIgnoreEmptyLines,testLineFeedEndings,,,,,
,CSVParserTest,testFirstEndOfLineCrLf,testFirstEndOfLineLf,testFirstEndOfLineCr,,,,,,,
,CSVParserTest,testParseNullFileFormat,testParseNullUrlCharsetFormat,,,,,,,,
,CSVParserTest,testSkipHeaderOverrideDuplicateHeaders,testSkipSetAltHeaders,testSkipSetHeader,,,,,,,
,CSVPrinterTest,testDelimeterQuoted,testDelimiterPlain,testEOLPlain,testEOLQuoted,testPlainPlain,testPlainQuoted,,,,
,CSVPrinterTest,testEscapeBackslash1,testEscapeBackslash2,testEscapeBackslash3,testEscapeBackslash4,testEscapeBackslash5,,,,,
,CSVPrinterTest,testEscapeNull1,testEscapeNull2,testEscapeNull3,testEscapeNull4,testEscapeNull5,,,,,
,CSVPrinterTest,testExcelPrinter1,testExcelPrinter2,,,,,,,,
,CSVPrinterTest,testHeaderCommentExcel,testHeaderCommentTdf,,,,,,,,
,CSVPrinterTest,testJdbcPrinterWithResultSet,testJdbcPrinterWithResultSetMetaData,,,,,,,,
,CSVPrinterTest,testJira135_part1,testJira135_part2,testJira135_part3,,,,,,,
,CSVPrinterTest,testEOLEscaped,testPlainEscaped,,,,,,,,
,CSVPrinterTest,testSkipHeaderRecordFalse,testSkipHeaderRecordTrue,,,,,,,,
,CSVRecordTest,testGetUnmappedNegativeInt,testGetUnmappedPositiveInt,,,,,,,,
,LexerTest,testSurroundingSpacesAreDeleted,testSurroundingTabsAreDeleted,,,,,,,,
,LexerTest,testEscapedCR,testCR,testEscapedLF,testLF,testEscapedTab,testTab,testEscapedBackspace,testBackspace,testEscapedFF,testFF
,LexerTest,testEscapedMySqlNullValue,testEscapedCharacter,,,,,,,,
,LexerTest,testEscapedControlCharacter,testEscapedControlCharacter2,,,,,,,,
org.apache.commons.csv.issues,JiraCsv203Test,testQuoteModeAllNonNull,testQuoteModeAll,testQuoteModeMinimal,testQuoteModeNonNumeric,testWithEmptyValues,,,,,