1,1,TestLocalDate_Basics,testToDate_springDST,org.joda.time
1,2,TestISODateTimeFormat_Fields,testForFields_calBased_Y,org.joda.time.format
1,3,TestMonthDay_Basics,testMinusMonths_int_fromLeap,org.joda.time
1,4,TestDateTimeZone,testIsLocalDateTimeGap_Berlin,org.joda.time
1,5,TestLocalDate_Constructors,testConstructor_ObjectString1,org.joda.time
1,6,TestDateTimeZoneCutover,testWithMillisOfSecondInDstChange_Paris_summer,org.joda.time
1,7,TestDateTimeFormatterBuilder,test_printParseZoneEtcGMT_suffix,org.joda.time.format
1,8,TestDateTimeZoneCutover,testBug3476684_adjustOffset,org.joda.time
1,9,TestLocalDateTime_Basics,testWithFieldAdded_DurationFieldType_int_2,org.joda.time
1,10,TestPeriod_Basics,testNormalizedStandard_periodType_months1,org.joda.time
2,1,TestMutableDateTime_Sets,testSetDate_RI_same,org.joda.time
2,2,TestDateTime_Basics,testWithFieldAdded2,org.joda.time
2,3,TestYearMonthDay_Constructors,testConstructor_ObjectStringEx1,org.joda.time
2,4,TestPeriod_Constructors,testConstructor_long_long1,org.joda.time
2,5,TestYearMonth_Basics,testWithFieldAdded_nullField_zero,org.joda.time
2,6,TestDateTimeFormat,testParse_pivotYear,org.joda.time.format
2,7,TestGJDate,test_plusYears_positiveToPositive,org.joda.time.chrono
2,8,TestLocalTime_Basics,testWithFieldAdded_DurationFieldType_int_2,org.joda.time
2,9,TestPeriod_Constructors,testConstructor_RP_RP4,org.joda.time
2,10,TestStringConverter,testGetDateTime5,org.joda.time.convert